FORM_NAME,FIELD_ID,SRC_CODE,SRC_CODE_ID,TARGET_CONCEPT_ID,LOCAL_CONCEPT_ID,TARGET_CONCEPT_NAME,TARGET_DOMAIN_ID,TARGET_VOCABULARY_ID,TARGET_CONCEPT_CLASS_ID,TARGET_STANDARD_CONCEPT,TARGET_CONCEPT_CODE,PREDICATE_ID,CONFIDENCE,MODIFIER,NOTES
recruitment_survey,,recstartts,,2005200000,2005200000,Recruitment Survey Started Timestamp (from REDCap),Observation,AIREADI,Survey,S,,skos:exactMatch,1,,99423-6
recruitment_survey,,reccmpts,,2005200001,2005200001,Recruitment Survey Completed Timestamp (from REDCap),Observation,AIREADI,Survey,S,,skos:exactMatch,1,,99423-6
faq_survey,,faqcmpdat,,2005200477,2005200477,Performed date of FAQ survey,Observation,AIREADI,Survey,S,,skos:exactMatch,1,,
faq_survey,,faqstartts,,2005200002,2005200002,FAQ Survey Started Timestamp (from REDCap),Observation,AIREADI,Survey,S,,skos:exactMatch,1,,
faq_survey,,faqcmpts,,2005200003,2005200003,FAQ Survey Completed Timestamp (from REDCap),Observation,AIREADI,Survey,S,,skos:exactMatch,1,,
screening_survey,,scrcmpdat,,2005200479,2005200479,Performed date of screening survey,Observation,AIREADI,Survey,S,,skos:exactMatch,1,,
screening_survey,,mhterm_dm1,,2005200544,2005200544,Has your doctor or other health care provider ever told you that you have Type 1 diabetes mellitus,Observation,AIREADI,Survey,S,,skos:exactMatch,1,,
screening_survey,,mh_a1c,,2005200547,2005200547,Has your doctor or other health care provider ever told you that you have Elevated A1C levels (elevated blood sugars),Observation,AIREADI,Survey,S,,skos:exactMatch,1,,269823000
screening_survey,,mhterm_dm2,,2005200545,2005200545,Has your doctor or other health care provider ever told you that you have Type 2 diabetes mellitus,Observation,AIREADI,Survey,S,,skos:exactMatch,1,,LA10552-0 | 44054006
screening_survey,,mhterm_predm,,2005200546,2005200546,Has your doctor or other health care provider ever told you that you have Prediabetes,Observation,AIREADI,Survey,S,,skos:exactMatch,1,,714628002
screening_survey,,cmtrt_a1c,,2005200548,2005200548,"Do you take pills to control your A1C and blood glucose levels? Examples: Metformin (Glucophage, Glumetza, Fortamet, Riomet), Glucotrol, Amaryl, DiaBeta, Blynase PresTab, Micronase, Actos, Avandia, Precose, Glyset, Prandin, Starlix, Januvia, Onglyza, Tradjenta, Nesina, Invokana, Farxiga, Jardiance, Welchol, and Cyclocet",Observation,AIREADI,Survey,S,,skos:exactMatch,1,,4016042 | 170746002
screening_survey,,cmtrt_insln,,2005200549,2005200549,Do you inject insulin to control your blood glucose levels?,Observation,AIREADI,Survey,S,,skos:exactMatch,1,,440922 | 170747006
screening_survey,,cmtrt_glcs,,2005200550,2005200550,"Do you use other injections to control your blood glucose levels?  Examples: Victoza, Ozempic, Symlin, Tanzeum, and Trulicity",Observation,AIREADI,Survey,S,,skos:exactMatch,1,,36714369 | 719566006
screening_survey,,cmtrt_lfst,,2005200004,2005200004,"Do you use lifestyle changes to control your A1C and blood glucose levels? Examples: regular exercise, avoiding sugary foods and beverages, eating a balanced diet with lots of vegetables, sticking to a consistent eating schedule",Observation,AIREADI,Survey,S,,skos:exactMatch,1,,1148971005
screening_survey,,ancestry,,2005200557,2005200557,"What is your ancestry or ethnic origin?(Examples: Italian, Jamaican, African American, Cambodian, Cape Verdean, Cherokee, Navajo, Nez Pearce, Norwegian, Dominican, French Canadian, Haitian, Korean, Lebanese, Polish, Nigerian, Mexican, Taiwanese, Ukrainian, and so on.)",Observation,AIREADI,Survey,S,cope_a_11,skos:exactMatch,1,,Removed local extension code 2005200005
screening_survey,,scrstartts,,2005200006,2005200006, Screening Survey Started Timestamp (from REDCap),Observation,AIREADI,Survey,S,,skos:exactMatch,1,,99423-6
screening_survey,,scrcmpts,,2005200007,2005200007, Screening Survey Completed Timestamp (from REDCap),Observation,AIREADI,Survey,S,,skos:exactMatch,1,,99423-6
preconsent_survey,,preconcmpdat,,2005200422,2005200422,Performed date of Pre-consent survey/form,Observation,AIREADI,Survey,S,,skos:exactMatch,1,,Performed on value_as_concept_id = 1035260 | LA30233-3
preconsent_survey,,preconstartts,,2005200008,2005200008, Pre-consent Survey Started Timestamp (from REDCap),Observation,AIREADI,Survey,S,,skos:exactMatch,1,,99423-6
preconsent_survey,,preconcmpts,,2005200009,2005200009, Pre-consent Survey Completed Timestamp (from REDCap),Observation,AIREADI,Survey,S,,skos:exactMatch,1,,99423-6
consent_survey,,icf_dat,,2005200423,2005200423,Performed date of Consent survey/form ,Observation,AIREADI,Survey,S,,skos:exactMatch,1,,Performed on value_as_concept_id = 1035260 | LA30233-3
consent_survey,,c184390_dat,,2005200424,2005200424,Performed date of  paper consent,Observation,AIREADI,Survey,S,,skos:exactMatch,1,,Performed on value_as_concept_id = 1035260 | LA30233-3
consent_survey,,icfsvyts,,2005200218,2005200218, Consent Survey Start Timestamp,Observation,AIREADI,Survey,S,,skos:exactMatch,1,,99423-6
consent_survey,,icfcmpts,,2005200219,2005200219,Consent Survey Completed Timestamp,Observation,AIREADI,Survey,S,,skos:exactMatch,1,,99423-6
staff_consent_attestation_survey,,icfa_dat,,2005200425,2005200425,Performed date of  Consent Attestation,Observation,AIREADI,Survey,S,,skos:exactMatch,1,,Performed on value_as_concept_id = 1035260 | LA30233-3
participant_contact_information_survey,,prtcmpdat,,2005200426,2005200426,Performed date of  Participant contact survey/form,Observation,AIREADI,Survey,S,,skos:exactMatch,1,,Performed on value_as_concept_id = 1035260 | LA30233-3
demographics_survey,,dmgcmpdat,,2005200427,2005200427,Performed date of  Demographic survey date ,Observation,AIREADI,Survey,S,,skos:exactMatch,1,,Performed on value_as_concept_id = 1035260 | LA30233-3
demographics_survey,,dmgstartts,,2005200223,2005200223,Demographics Survey Started Timestamp (from REDCap),Observation,AIREADI,Survey,S,,skos:exactMatch,1,,99423-6
demographics_survey,,dmgcmpts,,2005200224,2005200224,Demograhics Survey Completed Timestamp (from REDCap),Observation,AIREADI,Survey,S,,skos:exactMatch,1,,99423-6
health_survey,,mhcmpdat,,2005200428,2005200428,Performed date of  Health survey ,Observation,AIREADI,Survey,S,,skos:exactMatch,1,,Performed on value_as_concept_id = 1035260 | LA30233-3
health_survey,,mhoccur_circ,,2005200014,2005200014,"Has a doctor or other healthcare professional ever told you that you have/had Circulation problems (Examples: arteriosclerosis, atherosclerosis, blood clots in lungs or leg veins)",Observation,AIREADI,Survey,S,,skos:exactMatch,1,,67434-1
health_survey,,mhoccur_lbp,,2005200447,2005200447,Has a doctor or other healthcare professional ever told you that you have/had low blood pressure,Observation,AIREADI,Survey,S,,skos:exactMatch,1,,Creating local code
health_survey,,mhoccur_pd,,2005200448,2005200448,Has a doctor or other healthcare professional ever told you that you have/had Parkinson's disease,Observation,AIREADI,Survey,S,,skos:exactMatch,1,,LA27533-1
health_survey,,mhoccur_ad,,2005200449,2005200449,Has a doctor or other healthcare professional ever told you that you have/had Dementia,Observation,AIREADI,Survey,S,,skos:exactMatch,1,,Removed local code 2005200015
health_survey,,mhcat_adot,,2005200450,2005200450,Has a doctor or other healthcare professional ever told you that you have/had Alzheimer's disease,Observation,AIREADI,Survey,S,,skos:exactMatch,1,,
health_survey,,mhcat_dmtaot,,2005200451,2005200451,Has a doctor or other healthcare professional ever told you that you have other types of Dementia  or Alzheimer's Disease,Observation,AIREADI,Survey,S,,skos:exactMatch,1,,LA6310-2
health_survey,,mhoccur_cogn,,2005200452,2005200452,Has a doctor or other healthcare professional ever told you that you have/had a mild cognitive impairment,Observation,AIREADI,Survey,S,,skos:exactMatch,1,,
health_survey,,mhoccur_ms,,2005200453,2005200453,Has a doctor or other healthcare professional ever told you that you have/had multiple sclerosis,Observation,AIREADI,Survey,S,,skos:exactMatch,1,,use 374919 for yes
health_survey,,mhoccur_cns,,2005200454,2005200454,Has a doctor or other healthcare professional ever told you that you have/had neurocognitive disorder,Observation,AIREADI,Survey,S,,skos:exactMatch,1,,use 46271045 for yes
health_survey,,mhoccur_cnsot,,2005200455,2005200455,Neurocognitive disorder please specify,Observation,AIREADI,Survey,S,,skos:exactMatch,1,value_as_concept_id|36309562 ,LA28880-5
health_survey,,mhoccur_ra,,2005200456,2005200456,Has a doctor or other healthcare professional ever told you that you have/had arthritis,Observation,AIREADI,Survey,S,,skos:exactMatch,1,,use 4291025 for yes
health_survey,,mhoccur_oa,,2005200457,2005200457,Has a doctor or other healthcare professional ever told you that you have/had osteoporosis,Observation,AIREADI,Survey,S,,skos:exactMatch,1,,LA10527-2
health_survey,,mhoccur_ca,,2005200458,2005200458,Has a doctor or other healthcare professional ever told you that you have/had cancer,Observation,AIREADI,Survey,S,,skos:exactMatch,1,,
health_survey,,mhoccur_cnrot,,2005200459,2005200459,Other cancer type please (specify),Observation,AIREADI,Survey,S,,skos:exactMatch,1,,
health_survey,,mhoccur_plm,,2005200460,2005200460,Has a doctor or other healthcare professional ever told you that you have/had chronic pulmonary (lung) disease,Observation,AIREADI,Survey,S,,skos:exactMatch,1,,
health_survey,,mhoccur_gi,,2005200461,2005200461,Has a doctor or other healthcare professional ever told you that you have/had digestive disease,Observation,AIREADI,Survey,S,,skos:exactMatch,1,,
health_survey,,mhoccur_ua,,2005200016,2005200016,"Has a doctor or other healthcare professional ever told you that you have/had Urinary problems (Examples: urinary tract infections, incontinence, prostate problems)",Observation,AIREADI,Survey,S,,skos:exactMatch,1,,LA17005-2
health_survey,,mhoccur_rnl,,2005200017,2005200017,Has a doctor or other healthcare professional ever told you that you have/had Kidney problems,Observation,AIREADI,Survey,S,,skos:exactMatch,1,,LA4591-9
health_survey,,mhoccur_ear,,2005200462,2005200462,Has a doctor or other healthcare professional ever told you that you have/had hearing impairment,Observation,AIREADI,Survey,S,,skos:exactMatch,1,,
health_survey,,mhoccur_obs,,2005200471,2005200471,Has a doctor or other healthcare professional ever told you that you have/had obesity,Observation,AIREADI,Survey,S,,skos:exactMatch,1,,
health_survey,,fh_dm2pt,,2005200018,2005200018,Were either of your parents diagnosed with Type II Diabetes?,Observation,AIREADI,Survey,S,,skos:exactMatch,1,,160303001
health_survey,,fh_dm2ptsp,,2005200463,2005200463,Was your mother or father diagnosed with Type II Diabetes?,Observation,AIREADI,Survey,S,,skos:exactMatch,1,,
health_survey,,fh_dm2sb,,2005200019,2005200019,Has a sibling been diagnosed with Type II Diabetes?,Observation,AIREADI,Survey,S,,skos:exactMatch,1,,430679000
health_survey,,fh_dm2sbsp,,2005200464,2005200464,"If yes, please check all that apply: brother, sister, half-sister, half-brother",Observation,AIREADI,Survey,S,,skos:exactMatch,1,,each answer options are mapped based on each checkboxes clicked
health_survey,,mhoccur_glc,,2005200465,2005200465,Glaucoma (in one or both eyes),Observation,AIREADI,Survey,S,,skos:exactMatch,1,,23986001
health_survey,,mhoccur_amd,,2005200466,2005200466,Age related macular degeneration,Observation,AIREADI,Survey,S,,skos:exactMatch,1,,267718000
health_survey,,mhoccur_crt,,2005200020,2005200020,Cataracts (in one or both eyes),Observation,AIREADI,Survey,S,,skos:exactMatch,1,,LA16306-5
health_survey,,mhoccur_pdr,,2005200467,2005200467,Diabetic retinopathy (in one or both eyes),Observation,AIREADI,Survey,S,,skos:exactMatch,1,,45672-3
health_survey,,mhoccur_rvo,,2005200468,2005200468,"Retinal vascular occlusion (""stroke in the eye or eye vessels"" - in one or both eyes)",Observation,AIREADI,Survey,S,,skos:exactMatch,1,,73757007
health_survey,,mhoccur_ded,,2005200469,2005200469,Dry eye (in one or both eyes),Observation,AIREADI,Survey,S,,skos:exactMatch,1,,162290004
health_survey,,mhoccur_yn,,2005200470,2005200470,"Have you been diagnosed with any conditions not listed above? (any condition, not just eyes)",Observation,AIREADI,Survey,S,,skos:exactMatch,1,,76472-0
health_survey,,mhoccur_ot,,2005200472,2005200472,Other (specify),Observation,AIREADI,Survey,S,,skos:exactMatch,1,,LA6310-2
health_survey,,mhstartts,,2005200021,2005200021, Health Survey Started Timestamp (from REDCap),Observation,AIREADI,Survey,S,,skos:exactMatch,1,,99423-6
health_survey,,mhcmpts,,2005200022,2005200022, Heath Survey Completed Timestamp (from REDCap),Observation,AIREADI,Survey,S,,skos:exactMatch,1,,99423-6
substance_use_survey,,sucmpdat,,2005200429,2005200429,Performed date of  Substance use survey ,Observation,AIREADI,Survey,S,,skos:exactMatch,1,,Performed on value_as_concept_id = 1035260 | LA30233-3
substance_use_survey,,susmkstoage,,2005200023,2005200023,How many total years have you smoked?,Observation,AIREADI,Survey,S,,skos:exactMatch,1,,88029-4
substance_use_survey,,sualcage,,2005200551,2005200551,At what age did you start drinking alcohol? (Age started - years old),Observation,AIREADI,Survey,S,,skos:exactMatch,1,,
substance_use_survey,,subrkncf,,2005200024,2005200024,Have you had any beer or ale in the past year?,Observation,AIREADI,Survey,S,,skos:exactMatch,1,,363905002
substance_use_survey,,subrdosfr,,2005200025,2005200025,"During the average week, how many 12 oz. bottles or cans of beer do you usually drink? (Number of bottles or cans per week)",Observation,AIREADI,Survey,S,,skos:exactMatch,1,,363905002
substance_use_survey,,suwnkncf,,2005200026,2005200026,Have you had any wine in the past year?,Observation,AIREADI,Survey,S,,skos:exactMatch,1,,363905002
substance_use_survey,,suwndosfr,,2005200027,2005200027,"During the average week, how many 5 oz. glasses of wine do you usually drink?  The average wine bottle has 5 servings. (Number of glasses per week)",Observation,AIREADI,Survey,S,,skos:exactMatch,1,,363905002
substance_use_survey,,sulqkncf,,2005200028,2005200028,"Have you had any liquor in the past year, such as brandy, whiskey, vodka, gin, schnapps, cocktails, or liqueurs?",Observation,AIREADI,Survey,S,,skos:exactMatch,1,,363905002
substance_use_survey,,sulqdosfr,,2005200029,2005200029,"During the average week, how many 1.5 oz. of liquor do you usually drink, either as shots or in mixed cocktails? (Number of drinks per week)",Observation,AIREADI,Survey,S,,skos:exactMatch,1,,363905002
substance_use_survey,,sualcdrv,,2005200030,2005200030,"Do you drive after having a drink, even if it is only one drink?",Observation,AIREADI,Survey,S,,skos:exactMatch,1,,405137009
substance_use_survey,,suvpkncf1,,2005200031,2005200031,Have you ever vaped or used e-cigarettes?,Observation,AIREADI,Survey,S,,skos:exactMatch,1,,OMOP5181836
substance_use_survey,,suvpstage,,2005200032,2005200032,At what age did you start vaping or using e-cigarettes? (Age started - years old),Observation,AIREADI,Survey,S,,skos:exactMatch,1,,OMOP5181836
substance_use_survey,,suvpcdur,,2005200033,2005200033,Do you vape or use e-cigarettes now?,Observation,AIREADI,Survey,S,,skos:exactMatch,1,,OMOP5181836
substance_use_survey,,suvptoage,,2005200034,2005200034,How many total years have you vaped or used e-cigarettes?,Observation,AIREADI,Survey,S,,skos:exactMatch,1,,OMOP5181836
substance_use_survey,,suvpdosfr,,2005200035,2005200035,"When you vaped or used e-cigarettes, approximately how many days in a typical week would you use it?",Observation,AIREADI,Survey,S,,skos:exactMatch,1,,103335007
substance_use_survey,,sumrjkncf,,2005200036,2005200036,"Have you ever used marijuana (cannabis)? (This includes smoking marijuana, using cannabis concentrates, and edibles.)",Observation,AIREADI,Survey,S,,skos:exactMatch,1,,733460004
substance_use_survey,,sumrjcdur,,2005200473,2005200473,Do you use marijuana now?,Observation,AIREADI,Survey,S,,skos:exactMatch,1,,2005200473
substance_use_survey,,sumrjtrt,,2005200037,2005200037,In what form do you usually use marijuana?  (check all that apply),Observation,AIREADI,Survey,S,,skos:exactMatch,1,,733460004
substance_use_survey,,sumrjceddur,,2005200038,2005200038,How many total years have you used marijuana?,Observation,AIREADI,Survey,S,,skos:exactMatch,1,,733460004
substance_use_survey,,sumrjfr,,2005200039,2005200039,"When you used marijuana, approximately how many days in a typical week would you use it?",Observation,AIREADI,Survey,S,,skos:exactMatch,1,,733460004
substance_use_survey,,sustartts,,2005200040,2005200040, Substance Use Survey Started Timestamp (from REDCap),Observation,AIREADI,Survey,S,,skos:exactMatch,1,,99423-6
substance_use_survey,,sucmpts,,2005200041,2005200041, Substance Use Survey Completed Timestamp (from REDCap),Observation,AIREADI,Survey,S,,skos:exactMatch,1,,99423-6
cesd10_survey,,cesmpdat,,2005200430,2005200430,Performed date of  CES-D-10 survey ,Observation,AIREADI,Survey,S,,skos:exactMatch,1,,Performed on value_as_concept_id = 1035260 | LA30233-3
cesd10_survey,,cesstartts,,2005200139,2005200139, CES-D-10 Survey Started Timestamp (from REDCap),Observation,AIREADI,Survey,S,,skos:exactMatch,1,,99423-6
cesd10_survey,,cescmpts,,2005200140,2005200140, CES-D-10 Survey Completed Timestamp (from REDCap),Observation,AIREADI,Survey,S,,skos:exactMatch,1,,99423-6
paid5_dm_survey,,paidcmpdat,,2005200431,2005200431,Performed date of PAID-5 DM survey ,Observation,AIREADI,Survey,S,,skos:exactMatch,1,,Performed on value_as_concept_id = 1035260 | LA30233-3
paid5_dm_survey,,paid_scrd,,2005200044,2005200044,Feeling scared when you think about living with diabetes,Observation,AIREADI,Survey,S,,skos:exactMatch,1,,723113005
paid5_dm_survey,,paid_dpr,,2005200045,2005200045,Feeling depressed when you think about living with diabetes,Observation,AIREADI,Survey,S,,skos:exactMatch,1,,366979004
paid5_dm_survey,,paid_wr,,2005200046,2005200046,Worrying about the future and the possibility of serious complications,Observation,AIREADI,Survey,S,,skos:exactMatch,1,,247808006
paid5_dm_survey,,paid_eng,,2005200047,2005200047,Feeling that diabetes is taking up too much of your mental and physical energy every day,Observation,AIREADI,Survey,S,,skos:exactMatch,1,,397695000
paid5_dm_survey,,paid_cml,,2005200048,2005200048,Coping with complications of diabetes,Observation,AIREADI,Survey,S,,skos:exactMatch,1,,397706001
paid5_dm_survey,,paidscore,,2005200049,2005200049, PAID score,Observation,AIREADI,Survey,S,,skos:exactMatch,1,,710834001
paid5_dm_survey,,paidstartts,,2005200050,2005200050, PAID-5 DM Survey Start Timestamp (from REDCap),Observation,AIREADI,Survey,S,,skos:exactMatch,1,,99423-6
paid5_dm_survey,,paidcmpts,,2005200051,2005200051, PAID-5 DM Survey Completed Timestamp (from REDCap),Observation,AIREADI,Survey,S,,skos:exactMatch,1,,99423-6
diabetes_survey,,dmlcmpdat,,2005200432,2005200432,Performed date of Diabetes survey,Observation,AIREADI,Survey,S,,skos:exactMatch,1,,Performed on value_as_concept_id = 1035260 | LA30233-3
diabetes_survey,,dmlvex,,2005200277,2005200277,"In a typical week, how often do you engage in vigorous exercise? (Examples: hiking, jogging at 6 mph, shoveling, carrying heavy loads, bicycling fast (14-16 mph), playing basketball, playing soccer, playing tennis, or any activity during which you cannot say more than a few words without taking a breath)",Observation,AIREADI,Clinical Finding,S,,skos:exactMatch,1,,408579009
diabetes_survey,,dmlhex,,2005200278,2005200278,"How often would you say that you engage in daily home exercise? (Examples: stretching, calisthenics, or yoga)",Observation,AIREADI,Procedure,S,,skos:exactMatch,1,,229075007
diabetes_survey,,dmlsugar,,2005200305,2005200305,"When reflecting on your typical eating habits, which of the following options best describes how often you consume simple sugars?",Observation,AIREADI,Procedure,S,,skos:exactMatch,1,,710848001
diabetes_survey,,dmlgrain,,2005200306,2005200306,"In a typical day, how often do you consume whole grains? (Examples: include whole wheat, brown bread, or brown rice).",Observation,AIREADI,Procedure,S,,skos:exactMatch,1,,710848001
diabetes_survey,,dmledu,,2005200307,2005200307,"How often would you say that you engage in diabetes health education? (Examples:  consulting with a dietician, attending support groups, reading books on diabetes, using diabetes-focused websites, watching TV shows on health, or using health-focused apps on your phone or tablet)",Observation,AIREADI,Survey,S,,skos:exactMatch,1,,398773005
diabetes_survey,,dmlfeet,,2005200308,2005200308,How often do you inspect your feet?,Observation,AIREADI,Survey,S,,skos:exactMatch,1,,4.7251E+13
diabetes_survey,,dmlmd,,2005200309,2005200309,Which of the following options best describes you with respect to physician care and medications?,Procedure,AIREADI,Survey,S,,skos:exactMatch,1,,410119004
diabetes_survey,,dmlstartts,,2005200310,2005200310, Diabetes Survey Started Timestamp (from REDCap),Observation,AIREADI,Survey,S,,skos:exactMatch,1,,99423-6
diabetes_survey,,dmlcmpts,,2005200311,2005200311, Diabetes Survey Completed Timestamp (from REDCap),Observation,AIREADI,Survey,S,,skos:exactMatch,1,,99423-6
dietary_survey,,dietcmpdat,,2005200433,2005200433,Performed date of Dietary survey,Observation,AIREADI,Survey,S,,skos:exactMatch,1,,Performed on value_as_concept_id = 1035260 | LA30233-3
dietary_survey,,diet5,,2005200059,2005200059,"How many times a week did you eat beans (like pinto or black beans), chicken, or fish?",Observation,AIREADI,Survey,S,,skos:exactMatch,1,,870690008
dietary_survey,,diet6,,2005200060,2005200060,How many times a week did you eat regular snack chips or crackers (not low-fat)?,Observation,AIREADI,Survey,S,,skos:exactMatch,1,,230079003
dietary_survey,,diet7,,2005200061,2005200061,How many times a week did you eat desserts and other sweets (not the low-fat kind)?,Observation,AIREADI,Survey,S,,skos:exactMatch,1,,226463006
dietary_survey,,diet8,,2005200062,2005200062,"How much margarine, butter, or meat fat do you use to season vegetables or put on potatoes, bread or corn?",Observation,AIREADI,Survey,S,,skos:exactMatch,1,,870372004
dietary_survey,,diet9,,2005200063,2005200063,How many servings of fruit juice did you drink each day?,Observation,AIREADI,Survey,S,,skos:exactMatch,1,,226389005
dietary_survey,,dietscore,,2005200064,2005200064, Diet score,Observation,AIREADI,Survey,S,,skos:exactMatch,1,,225388007
dietary_survey,,dietstartts,,2005200065,2005200065, Dietary Survey Start Timestamp (from REDCap),Observation,AIREADI,Survey,S,,skos:exactMatch,1,,99423-6
dietary_survey,,dietcmpts,,2005200066,2005200066, Dietary Survey Completed Timestamp (from REDCap),Observation,AIREADI,Survey,S,,skos:exactMatch,1,,99423-6
ophthalmic_survey,,viacmpdat,,2005200434,2005200434,Performed date of Ophthalmic survey ,Observation,AIREADI,Survey,S,,skos:exactMatch,1,,Performed on value_as_concept_id = 1035260 | LA30233-3
ophthalmic_survey,,via1,,2005200067,2005200067,"How much difficulty, if any, do you have in recognizing a friend across the street? Would you say:",Observation,AIREADI,Survey,S,,skos:exactMatch,1,,424348007
ophthalmic_survey,,via2,,2005200068,2005200068,"How much difficulty, if any, do you have reading print in newspapers, magazines, recipes, menus, or numbers on the telephone? Would you say:",Observation,AIREADI,Survey,S,,skos:exactMatch,1,,66077-9
ophthalmic_survey,,via5,,2005200069,2005200069,You have indicated that you have not seen an eye care professional in the past 12 months. What is the main reason you have not visited an eye care professional in the past 12 months?,Observation,AIREADI,Survey,S,,skos:exactMatch,1,,410666004
ophthalmic_survey,,via6,,2005200070,2005200070,When was the last time you had an eye exam in which the pupils were dilated? (This would have made you temporarily sensitive to bright light),Observation,AIREADI,Survey,S,,skos:exactMatch,1,,424986007
ophthalmic_survey,,viastartts,,2005200071,2005200071, Ophthalmic Survey Started Timestamp (from REDCap),Observation,AIREADI,Survey,S,,skos:exactMatch,1,,99423-6
ophthalmic_survey,,viacmpts,,2005200072,2005200072, Ophthalmic Survey Completed Timestamp (from REDCap),Observation,AIREADI,Survey,S,,skos:exactMatch,1,,99423-6
px_sdoh_combined_survey,,pxsdohcmpdat,,2005200435,2005200435,Performed date of PhenX SDOH survey,Observation,AIREADI,Survey,S,,skos:exactMatch,1,,Performed on value_as_concept_id = 1035260 | LA30233-3
px_sdoh_combined_survey,,pxep2,,2005200480,2005200480,Do you speak another language at home?,Observation,AIREADI,Survey,S,,skos:exactMatch,1,,LA30188-9
px_sdoh_combined_survey,,pxji1,,2005200073,2005200073,"Thinking about the next 12 months, how likely do you think it is that you will lose your job or be laid off?",Observation,AIREADI,Survey,S,,skos:exactMatch,1,,PX280301010000
px_sdoh_combined_survey,,pxji2,,2005200074,2005200074,"About how easy would it be for you to find a job with another employer with approximately the same income and fringe benefits you now have? Would you say very easy, somewhat easy, or not easy at all?",Observation,AIREADI,Survey,S,,skos:exactMatch,1,,PX280301020000
px_sdoh_combined_survey,,pxhi1,,2005200075,2005200075,What is your living situation today?,Observation,AIREADI,Survey,S,,skos:exactMatch,1,,71802-3
px_sdoh_combined_survey,,pxhi2,,2005200076,2005200076,Think about the place you live. Do you have problems with any of the following? CHOOSE ALL THAT APPLY ,Observation,AIREADI,Survey,S,,skos:exactMatch,1,,
px_sdoh_combined_survey,,pxpa1,,2005200077,2005200077,"In the last 12 months, have you delayed getting prescription medicines because of worry about the cost?",Observation,AIREADI,Survey,S,,skos:exactMatch,1,,
px_sdoh_combined_survey,,pxpa2,,2005200078,2005200078,Did any other person in your household delay getting prescription medicines because of worry about the cost? ,Observation,AIREADI,Survey,S,,skos:exactMatch,1,,
px_sdoh_combined_survey,,pxpa3,,2005200079,2005200079,"In the last 12 months, was there any time when you needed prescription medicines, but did not get them because you  couldn't afford it?",Observation,AIREADI,Survey,S,,skos:exactMatch,1,,
px_sdoh_combined_survey,,pxpa4,,2005200080,2005200080,"In the last 12 months, was there any time when anyone else in your household needed prescription medicines, but did not get them because you/they couldn't afford it?",Observation,AIREADI,Survey,S,,skos:exactMatch,1,,
px_sdoh_combined_survey,,pxhic1,,2005200081,2005200081,Insurance through a current or former employer or union (of yours or another family member's). This would include COBRA coverage.,Observation,AIREADI,Survey,S,,skos:exactMatch,1,,63066-5
px_sdoh_combined_survey,,pxhic2,,2005200082,2005200082,"Insurance purchased directly from an insurance company (by you or another family member). This would include coverage purchased through an exchange or marketplace, such as HealthCare.gov",Observation,AIREADI,Survey,S,,skos:exactMatch,1,,63066-5
px_sdoh_combined_survey,,pxhic3,,2005200083,2005200083,"Medicare, for people 65 and older, or people with certain disabilities.",Observation,AIREADI,Survey,S,,skos:exactMatch,1,,63066-5
px_sdoh_combined_survey,,pxhic4,,2005200084,2005200084,"Medicaid, Medical Assistance (MA), the Children's Health Insurance Program (CHIP), or any kind of state or government-sponsored assistance. plan based on income or a disability.",Observation,AIREADI,Survey,S,,skos:exactMatch,1,,63066-5
px_sdoh_combined_survey,,pxhic5,,2005200085,2005200085,"TRICARE or other military health care, including VA health care.",Observation,AIREADI,Survey,S,,skos:exactMatch,1,,63066-5
px_sdoh_combined_survey,,pxhic6,,2005200086,2005200086,Indian Health Service.,Observation,AIREADI,Survey,S,,skos:exactMatch,1,,63066-5
px_sdoh_combined_survey,,pxhic7,,2005200087,2005200087,Any other type of health insurance coverage or health coverage plan,Observation,AIREADI,Survey,S,,skos:exactMatch,1,,63066-5
px_sdoh_combined_survey,,pxhic8,,2005200088,2005200088,"Does this mean you currently have no health insurance or health coverage plan? In answering this question, please exclude plans that pay for only one type of service (such as, nursing home care, accidents, family planning, or dental care) and plans that only provide extra cash when hospitalized).",Observation,AIREADI,Survey,S,,skos:exactMatch,1,,63066-5
px_sdoh_combined_survey,,pxhic9,,2005200089,2005200089,What type of health insurance do you have?,Observation,AIREADI,Survey,S,,skos:exactMatch,1,,63066-5
px_sdoh_combined_survey,,pxahc1,,2005200090,2005200090,About how long has it been since you last saw a doctor or other health care professional about your health?,Observation,AIREADI,Survey,S,,skos:exactMatch,1,,840643003
px_sdoh_combined_survey,,pxahc2,,2005200091,2005200091,"Was this a wellness visit, physical, or general purpose check-up?",Observation,AIREADI,Survey,S,,skos:exactMatch,1,,
px_sdoh_combined_survey,,pxahc3,,2005200092,2005200092,"About how long has it been since you last saw a doctor or other health professional for a wellness visit, physical, or general purpose check-up?",Observation,AIREADI,Survey,S,,skos:exactMatch,1,,
px_sdoh_combined_survey,,pxahc4,,2005200093,2005200093,Is there a place that you USUALLY go to if you are sick and need health care? ,Observation,AIREADI,Survey,S,,skos:exactMatch,1,,
px_sdoh_combined_survey,,pxahc5,,2005200094,2005200094,"What kind of place is it/do you go to most often? A doctor's office or health center is a place where you see the same doctor or the same group of doctors every visit, where you usually need to make an appointment ahead of time, and where your medical records are on file.Urgent care centers and clinics in a drug store or grocery store are places where you do not need to make an appointment ahead of time, and do not usually see the same health care provider at each visit.",Observation,AIREADI,Survey,S,,skos:exactMatch,1,,
px_sdoh_combined_survey,,pxahc6,,2005200095,2005200095,"During the past 12 months, how many times have you gone to an urgent care center or a clinic in a drug store or grocery store about your health?Urgent care centers and clinics in drug stores or grocery stores are places where you do not need to make an appointment ahead of time, and do not usually see the same health care provider at each visit. This is different from a hospital emergency room.",Observation,AIREADI,Survey,S,,skos:exactMatch,1,,
px_sdoh_combined_survey,,pxahc7,,2005200096,2005200096,"During the past 12 months, how many times have you gone to a hospital emergency room about your health?  *This includes emergency room visits that resulted in a hospital admission.",Observation,AIREADI,Survey,S,,skos:exactMatch,1,,
px_sdoh_combined_survey,,pxahc8,,2005200097,2005200097,"During the past 12 months, have you been hospitalized overnight? (Do not include an overnight stay in the emergency room)",Observation,AIREADI,Survey,S,,skos:exactMatch,1,,
px_sdoh_combined_survey,,pxahc9,,2005200098,2005200098,"During the past 12 months, have you DELAYED getting medical care because of the cost?",Observation,AIREADI,Survey,S,,skos:exactMatch,1,,
px_sdoh_combined_survey,,pxahc10,,2005200099,2005200099,"During the past 12 months, was there any time when you needed medical care, but DID NOT GET IT because of the cost?",Observation,AIREADI,Survey,S,,skos:exactMatch,1,,
px_sdoh_combined_survey,,pxsdohstartts,,2005200100,2005200100, PhenX SDOH Survey Started Timestamp (from REDCap),Observation,AIREADI,Survey,S,,skos:exactMatch,1,,99423-6
px_sdoh_combined_survey,,pxsdohcmpts,,2005200101,2005200101, PhenX SDOH Survey Completed Timestamp (from REDCap),Observation,AIREADI,Survey,S,,skos:exactMatch,1,,99423-6
px_sdoh_combined_survey,,px270201_metadata,,2005200102,2005200102, PhenX English Proficiency MetaData,Observation,AIREADI,Survey,S,,skos:exactMatch,1,,
px_sdoh_combined_survey,,px011002_metadata,,2005200103,2005200103, PhenX Education Attainment MetaData,Observation,AIREADI,Survey,S,,skos:exactMatch,1,,
px_sdoh_combined_survey,,px280301_metadata,,2005200104,2005200104, PhenX Job Security MetaData ,Observation,AIREADI,Survey,S,,skos:exactMatch,1,,
px_sdoh_combined_survey,,px281401_metadata,,2005200105,2005200105, PhenX Housing Insecurity MetaData ,Observation,AIREADI,Survey,S,,skos:exactMatch,1,,
px_sdoh_combined_survey,,px280801_metadata,,2005200106,2005200106, PhenX Prescriptions Affordability MetaData ,Observation,AIREADI,Survey,S,,skos:exactMatch,1,,
px_sdoh_combined_survey,,px11502_metadata,,2005200107,2005200107, PhenX Health Insurance MetaData,Observation,AIREADI,Survey,S,,skos:exactMatch,1,,
px_sdoh_combined_survey,,px270101_metadata,,2005200108,2005200108, PhenX Health Care Access MetaData,Observation,AIREADI,Survey,S,,skos:exactMatch,1,,
px_sdoh_combined_survey,,px280901_metadata,,2005200109,2005200109, PhenX Healthcare Discrimination MetaData,Observation,AIREADI,Survey,S,,skos:exactMatch,1,,
px_food_insecurity_survey,,pxsficmpdat,,2005200436,2005200436,Performed date of PhenX Food Insecurity survey,Observation,AIREADI,Survey,S,,skos:exactMatch,1,,Performed on value_as_concept_id = 1035260 | LA30233-3
px_food_insecurity_survey,,pxfistartts,,2005200110,2005200110, PhenX Food Insecurity Survey Started Timestamp (from REDCap),Observation,AIREADI,Survey,S,,skos:exactMatch,1,,99423-6
px_food_insecurity_survey,,pxsficmpts,,2005200111,2005200111, PhenX Food Insecurity Survey Completed Timestamp (from REDCap),Observation,AIREADI,Survey,S,,skos:exactMatch,1,,99423-6
px_food_insecurity_survey,,px270301_metadata,,2005200112,2005200112, PhenX MetaData,Observation,AIREADI,Survey,S,,skos:exactMatch,1,,
px_neighborhood_environment_survey,,pxnecmpdat,,2005200437,2005200437,Performed date of  PhenX Neighborhood Enviroment survey ,Observation,AIREADI,Survey,S,,skos:exactMatch,1,,Performed on value_as_concept_id = 1035260 | LA30233-3
px_neighborhood_environment_survey,,pxne8,,2005200113,2005200113,There is so much traffic on the streets that it makes it difficult or unpleasant to walk in my neighborhood. Would you say that you...,Observation,AIREADI,Survey,S,,skos:exactMatch,1,,
px_neighborhood_environment_survey,,pxne9,,2005200114,2005200114,"I see many people being physically active in my neighborhood doing things like walking, jogging, cycling, or playing sports and active games. Would you say that you...",Observation,AIREADI,Survey,S,,skos:exactMatch,1,,
px_neighborhood_environment_survey,,pxne10,,2005200115,2005200115,There are many interesting things to look at while walking in my neighborhood. Would you say you...,Observation,AIREADI,Survey,S,,skos:exactMatch,1,,
px_neighborhood_environment_survey,,pxne11,,2005200116,2005200116,"How many motor vehicles in working order (e.g., cars, trucks, motorcycles) are there at your household?",Observation,AIREADI,Survey,S,,skos:exactMatch,1,,
px_neighborhood_environment_survey,,pxne12,,2005200117,2005200117,There are many four-way intersections in my neighborhood. Would you say that you...,Observation,AIREADI,Survey,S,,skos:exactMatch,1,,
px_neighborhood_environment_survey,,pxne13,,2005200118,2005200118,"The sidewalks in my neighborhood are well maintained (paved, with few cracks) and not obstructed. Would you say that you...",Observation,AIREADI,Survey,S,,skos:exactMatch,1,,
px_neighborhood_environment_survey,,pxne14,,2005200119,2005200119,Places for bicycling (such as bike paths) in and around my neighborhood are well maintained and not obstructed. Would you say that you...,Observation,AIREADI,Survey,S,,skos:exactMatch,1,,
px_neighborhood_environment_survey,,pxne15,,2005200120,2005200120,There is so much traffic on the streets that it makes it difficult or unpleasant to ride a bicycle in my neighborhood. Would you say that you...,Observation,AIREADI,Survey,S,,skos:exactMatch,1,,
px_neighborhood_environment_survey,,pxne16,,2005200121,2005200121,The crime rate in my neighborhood makes it unsafe to go on walks during the day. Would you say that you...,Observation,AIREADI,Survey,S,,skos:exactMatch,1,,
px_neighborhood_environment_survey,,pxne17,,2005200122,2005200122,There are many places to go within easy walking distance of my home. Would you say that you...,Observation,AIREADI,Survey,S,,skos:exactMatch,1,,
px_neighborhood_environment_survey,,pxnestartts,,2005200123,2005200123, PhenX Neighborhood Enviroment Survey Started Timestamp (from REDCap),Observation,AIREADI,Survey,S,,skos:exactMatch,1,,99423-6
px_neighborhood_environment_survey,,pxnecmpts,,2005200124,2005200124, PhenX Neighborhood Environment Survey Completed Timestamp (from REDCap),Observation,AIREADI,Survey,S,,skos:exactMatch,1,,99423-6
px_neighborhood_environment_survey,,px291201_metadata,,2005200125,2005200125, PhenX Neighborhood Environment MetaData,Observation,AIREADI,Survey,S,,skos:exactMatch,1,,
px_racial_ethnic_discrimination_survey,,pxrdcmpdat,,2005200438,2005200438,Performed date of PhenX Racial/Ethnic Discrimination survey ,Observation,AIREADI,Survey,S,,skos:exactMatch,1,,Performed on value_as_concept_id = 1035260 | LA30233-3
px_racial_ethnic_discrimination_survey,,pxrd1,,2005200126,2005200126,How often have you been treated unfairly by teachers and professors because of your race/ethnic group? How often in the past year?,Observation,AIREADI,Survey,S,,skos:exactMatch,1,,
px_racial_ethnic_discrimination_survey,,pxrd2,,2005200127,2005200127,How often have you been treated unfairly by teachers and professors because of your race/ethnic group? How often in your entire life?,Observation,AIREADI,Survey,S,,skos:exactMatch,1,,
px_racial_ethnic_discrimination_survey,,pxrd3,,2005200128,2005200128,"How often have you been treated unfairly by teachers and professors because of your race/ethnic group? On a scale of 1-6, how stressful was this for you? 1 = Not at all stressful; 6 = Extremely stressful",Observation,AIREADI,Survey,S,,skos:exactMatch,1,,
px_racial_ethnic_discrimination_survey,,pxrd4,,2005200493,2005200493,"How often have you been treated unfairly by employers, bosses and supervisors because of your race/ethnic group? How often in the past year?",Observation,AIREADI,Survey,S,,skos:exactMatch,1,,
px_racial_ethnic_discrimination_survey,,pxrd5,,2005200494,2005200494,"How often have you been treated unfairly by employers, bosses and supervisors because of your race/ethnic group? How often in your entire life?",Observation,AIREADI,Survey,S,,skos:exactMatch,1,,
px_racial_ethnic_discrimination_survey,,pxrd6,,2005200495,2005200495,"How often have you been treated unfairly by employers, bosses and supervisors because of your race/ethnic group? On a scale of 1-6, how stressful was this for you? 1 = Not at all stressful; 6 = Extremely stressful",Observation,AIREADI,Survey,S,,skos:exactMatch,1,,
px_racial_ethnic_discrimination_survey,,pxrd7,,2005200496,2005200496,"How often have you been treated unfairly by your co-workers, fellow students, and colleagues because of your race/ethnic group? How often in the past year?",Observation,AIREADI,Survey,S,,skos:exactMatch,1,,
px_racial_ethnic_discrimination_survey,,pxrd8,,2005200497,2005200497,"How often have you been treated unfairly by your co-workers, fellow students, and colleagues because of your race/ethnic group? How often in your entire life?",Observation,AIREADI,Survey,S,,skos:exactMatch,1,,
px_racial_ethnic_discrimination_survey,,pdrx9,,2005200498,2005200498,"How often have you been treated unfairly by your co-workers, fellow students, and colleagues because of your race/ethnic group? On a scale of 1-6, how stressful was this for you? 1 = Not at all stressful; 6 = Extremely stressful",Observation,AIREADI,Survey,S,,skos:exactMatch,1,,
px_racial_ethnic_discrimination_survey,,pxrd10,,2005200499,2005200499,"How often have you been treated unfairly by people in service jobs (by store clerks, waiters, bartenders, bank tellers and others) because of your race/ethnic group? How often in the past year?",Observation,AIREADI,Survey,S,,skos:exactMatch,1,,
px_racial_ethnic_discrimination_survey,,pxrd11,,2005200500,2005200500,"How often have you been treated unfairly by people in service jobs (by store clerks, waiters, bartenders, bank tellers and others) because of your race/ethnic group? How often in your entire life?",Observation,AIREADI,Survey,S,,skos:exactMatch,1,,
px_racial_ethnic_discrimination_survey,,pxrd12,,2005200501,2005200501,"How often have you been treated unfairly by people in service jobs (by store clerks, waiters, bartenders, bank tellers and others) because of your race/ethnic group? On a scale of 1-6, how stressful was this for you? 1 = Not at all stressful; 6 = Extremely stressful",Observation,AIREADI,Survey,S,,skos:exactMatch,1,,
px_racial_ethnic_discrimination_survey,,pxrd13,,2005200502,2005200502,How often have you been treated unfairly by strangers because of your race/ethnic group? How often in the past year?,Observation,AIREADI,Survey,S,,skos:exactMatch,1,,
px_racial_ethnic_discrimination_survey,,pxrd14,,2005200503,2005200503,How often have you been treated unfairly by strangers because of your race/ethnic group? How often in your entire life?,Observation,AIREADI,Survey,S,,skos:exactMatch,1,,
px_racial_ethnic_discrimination_survey,,pxrd15,,2005200504,2005200504,"How often have you been treated unfairly by strangers because of your race/ethnic group? On a scale of 1-6, how stressful was this for you? 1 = Not at all stressful; 6 = Extremely stressful",Observation,AIREADI,Survey,S,,skos:exactMatch,1,,
px_racial_ethnic_discrimination_survey,,pxrd16,,2005200505,2005200505,"How often have you been treated unfairly by people in helping jobs (by doctors, nurses, psychiatrists, case workers, dentists, school counselors, therapists, social workers and others) because of your race/ethnic group? How often in the past year?",Observation,AIREADI,Survey,S,,skos:exactMatch,1,,
px_racial_ethnic_discrimination_survey,,pxrd17,,2005200506,2005200506,"How often have you been treated unfairly by people in helping jobs (by doctors, nurses, psychiatrists, case workers, dentists, school counselors, therapists, social workers and others) because of your race/ethnic group? How often in your entire life?",Observation,AIREADI,Survey,S,,skos:exactMatch,1,,
px_racial_ethnic_discrimination_survey,,pxrd18,,2005200507,2005200507,"How often have you been treated unfairly by people in helping jobs (by doctors, nurses, psychiatrists, case workers, dentists, school counselors, therapists, social workers and others) because of your race/ethnic group? On a scale of 1-6, how stressful was this for you? 1 = Not at all stressful; 6 = Extremely stressful",Observation,AIREADI,Survey,S,,skos:exactMatch,1,,
px_racial_ethnic_discrimination_survey,,pxrd19,,2005200508,2005200508,How often have you been treated unfairly by neighbors because of your race/ethnic group? How often in the past year?,Observation,AIREADI,Survey,S,,skos:exactMatch,1,,
px_racial_ethnic_discrimination_survey,,pxrd20,,2005200509,2005200509,How often have you been treated unfairly by neighbors because of your race/ethnic group? How often in your entire life?,Observation,AIREADI,Survey,S,,skos:exactMatch,1,,
px_racial_ethnic_discrimination_survey,,pxrd21,,2005200510,2005200510,"How often have you been treated unfairly by neighbors because of your race/ethnic group? On a scale of 1-6, how stressful was this for you? 1 = Not at all stressful; 6 = Extremely stressful",Observation,AIREADI,Survey,S,,skos:exactMatch,1,,
px_racial_ethnic_discrimination_survey,,pxrd22,,2005200511,2005200511,"How often have you been treated unfairly by institutions (schools, universities, law firms, the police, the courts, the Department of Social Services, the Unemployment Office and others) because of your race/ethnic group? How often in the past year?",Observation,AIREADI,Survey,S,,skos:exactMatch,1,,
px_racial_ethnic_discrimination_survey,,pxrd23,,2005200512,2005200512,"How often have you been treated unfairly by institutions (schools, universities, law firms, the police, the courts, the Department of Social Services, the Unemployment Office and others) because of your race/ethnic group? How often in your entire life?",Observation,AIREADI,Survey,S,,skos:exactMatch,1,,
px_racial_ethnic_discrimination_survey,,pxrd24,,2005200513,2005200513,"How often have you been treated unfairly by institutions (schools, universities, law firms, the police, the courts, the Department of Social Services, the Unemployment Office and others) because of your race/ethnic group? On a scale of 1-6, how stressful was this for you? 1 = Not at all stressful; 6 = Extremely stressful",Observation,AIREADI,Survey,S,,skos:exactMatch,1,,
px_racial_ethnic_discrimination_survey,,pxrd25,,2005200514,2005200514,How often have you been treated unfairly by people that you thought were your friends because of your race/ethnic group? How often in the past year?,Observation,AIREADI,Survey,S,,skos:exactMatch,1,,
px_racial_ethnic_discrimination_survey,,pxrd26,,2005200515,2005200515,How often have you been treated unfairly by people that you thought were your friends because of your race/ethnic group? How often in your entire life?,Observation,AIREADI,Survey,S,,skos:exactMatch,1,,
px_racial_ethnic_discrimination_survey,,pxrd27,,2005200516,2005200516,"How often have you been treated unfairly by people that you thought were your friends because of your race/ethnic group? On a scale of 1-6, how stressful was this for you? 1 = Not at all stressful; 6 = Extremely stressful",Observation,AIREADI,Survey,S,,skos:exactMatch,1,,
px_racial_ethnic_discrimination_survey,,pxrd28,,2005200517,2005200517,"How often have you been accused or suspected of doing something wrong (such as stealing, cheating, not doing your share of the work, or breaking the law) because of your race/ethnic group? How often in the past year?",Observation,AIREADI,Survey,S,,skos:exactMatch,1,,
px_racial_ethnic_discrimination_survey,,pxrd29,,2005200518,2005200518,"How often have you been accused or suspected of doing something wrong (such as stealing, cheating, not doing your share of the work, or breaking the law) because of your race/ethnic group? How often in your entire life?",Observation,AIREADI,Survey,S,,skos:exactMatch,1,,
px_racial_ethnic_discrimination_survey,,pxrd30,,2005200519,2005200519,"How often have you been accused or suspected of doing something wrong (such as stealing, cheating, not doing your share of the work, or breaking the law) because of your race/ethnic group? On a scale of 1-6, how stressful was this for you? 1 = Not at all stressful; 6 = Extremely stressful",Observation,AIREADI,Survey,S,,skos:exactMatch,1,,
px_racial_ethnic_discrimination_survey,,pxrd31,,2005200520,2005200520,How often have people misunderstood your intentions and motives because of your race/ethnic group? How often in the past year?,Observation,AIREADI,Survey,S,,skos:exactMatch,1,,
px_racial_ethnic_discrimination_survey,,pxrd32,,2005200521,2005200521,How often have people misunderstood your intentions and motives because of your race/ethnic group? How often in your entire life?,Observation,AIREADI,Survey,S,,skos:exactMatch,1,,
px_racial_ethnic_discrimination_survey,,pxrd33,,2005200522,2005200522,"How often have people misunderstood your intentions and motives because of your race/ethnic group? On a scale of 1-6, how stressful was this for you? 1 = Not at all stressful; 6 = Extremely stressful",Observation,AIREADI,Survey,S,,skos:exactMatch,1,,
px_racial_ethnic_discrimination_survey,,pxrd34,,2005200523,2005200523,How often did you want to tell someone off for being racist towards you but didn't say anything? How often in the past year?,Observation,AIREADI,Survey,S,,skos:exactMatch,1,,
px_racial_ethnic_discrimination_survey,,pxrd35,,2005200524,2005200524,How often did you want to tell someone off for being racist towards you but didn't say anything? How often in your entire life?,Observation,AIREADI,Survey,S,,skos:exactMatch,1,,
px_racial_ethnic_discrimination_survey,,pxrd36,,2005200525,2005200525,"How often did you want to tell someone off for being racist towards you but didn't say anything? On a scale of 1-6, how stressful was this for you? 1 = Not at all stressful; 6 = Extremely stressful",Observation,AIREADI,Survey,S,,skos:exactMatch,1,,
px_racial_ethnic_discrimination_survey,,pxrd37,,2005200526,2005200526,How often have you been really angry about something racist that was done to you? How often in the past year?,Observation,AIREADI,Survey,S,,skos:exactMatch,1,,
px_racial_ethnic_discrimination_survey,,pxrd38,,2005200527,2005200527,How often have you been really angry about something racist that was done to you? How often in your entire life?,Observation,AIREADI,Survey,S,,skos:exactMatch,1,,
px_racial_ethnic_discrimination_survey,,pxrd39,,2005200528,2005200528,"How often have you been really angry about something racist that was done to you? On a scale of 1-6, how stressful was this for you? 1 = Not at all stressful; 6 = Extremely stressful",Observation,AIREADI,Survey,S,,skos:exactMatch,1,,
px_racial_ethnic_discrimination_survey,,pxrd40,,2005200529,2005200529,"How often have you been forced to take drastic steps (such as filing a grievance, filing a lawsuit, quitting your job, moving away, and other actions) to deal with some racist thing that was done towards you? How often in the past year?",Observation,AIREADI,Survey,S,,skos:exactMatch,1,,
px_racial_ethnic_discrimination_survey,,pxrd41,,2005200530,2005200530,"How often have you been forced to take drastic steps (such as filing a grievance, filing a lawsuit, quitting your job, moving away, and other actions) to deal with some racist thing that was done towards you? How often in your entire life?",Observation,AIREADI,Survey,S,,skos:exactMatch,1,,
px_racial_ethnic_discrimination_survey,,pxrd42,,2005200531,2005200531,"How often have you been forced to take drastic steps (such as filing a grievance, filing a lawsuit, quitting your job, moving away, and other actions) to deal with some racist thing that was done towards you? On a scale of 1-6, how stressful was this for you? 1 = Not at all stressful; 6 = Extremely stressful",Observation,AIREADI,Survey,S,,skos:exactMatch,1,,
px_racial_ethnic_discrimination_survey,,pxrd43,,2005200532,2005200532,How often have you been called a racist name? How often in the past year?,Observation,AIREADI,Survey,S,,skos:exactMatch,1,,
px_racial_ethnic_discrimination_survey,,pxrd44,,2005200533,2005200533,How often have you been called a racist name? How often in your entire life?,Observation,AIREADI,Survey,S,,skos:exactMatch,1,,
px_racial_ethnic_discrimination_survey,,pxrd45,,2005200534,2005200534,"How often have you been called a racist name? On a scale of 1-6, how stressful was this for you? 1 = Not at all stressful; 6 = Extremely stressful",Observation,AIREADI,Survey,S,,skos:exactMatch,1,,
px_racial_ethnic_discrimination_survey,,pxrd46,,2005200535,2005200535,How often have you gotten into an argument or a fight about something racist that was done to you or done to another member or your race/ethnic group? How often in the past year?,Observation,AIREADI,Survey,S,,skos:exactMatch,1,,
px_racial_ethnic_discrimination_survey,,pxrd47,,2005200536,2005200536,How often have you gotten into an argument or a fight about something racist that was done to you or done to another member or your race/ethnic group? How often in your entire life?,Observation,AIREADI,Survey,S,,skos:exactMatch,1,,
px_racial_ethnic_discrimination_survey,,pxrd48,,2005200537,2005200537,"How often have you gotten into an argument or a fight about something racist that was done to you or done to another member or your race/ethnic group? On a scale of 1-6, how stressful was this for you? 1 = Not at all stressful; 6 = Extremely stressful",Observation,AIREADI,Survey,S,,skos:exactMatch,1,,
px_racial_ethnic_discrimination_survey,,pxrd49,,2005200538,2005200538,"How often have you been made fun of, picked on, pushed, shoved, hit or threatened with harm because of your race/ethnic group? How often in the past year?",Observation,AIREADI,Survey,S,,skos:exactMatch,1,,
px_racial_ethnic_discrimination_survey,,pxrd50,,2005200539,2005200539,"How often have you been made fun of, picked on, pushed, shoved, hit or threatened with harm because of your race/ethnic group? How often in your entire life?",Observation,AIREADI,Survey,S,,skos:exactMatch,1,,
px_racial_ethnic_discrimination_survey,,pxrd51,,2005200540,2005200540,"How often have you been made fun of, picked on, pushed, shoved, hit or threatened with harm because of your race/ethnic group? On a scale of 1-6, how stressful was this for you? 1 = Not at all stressful; 6 = Extremely stressful",Observation,AIREADI,Survey,S,,skos:exactMatch,1,,
px_racial_ethnic_discrimination_survey,,pxrd52,,2005200541,2005200541,How different would your life be now if you HAD NOT BEEN treated in a racist and unfair way? In the Past Year?,Observation,AIREADI,Survey,S,,skos:exactMatch,1,,
px_racial_ethnic_discrimination_survey,,pxrd53,,2005200542,2005200542,How different would your life be now if you HAD NOT BEEN treated in a racist and unfair way? In your entire life?,Observation,AIREADI,Survey,S,,skos:exactMatch,1,,
px_racial_ethnic_discrimination_survey,,pxrd54,,2005200543,2005200543,"How different would your life be now if you HAD NOT BEEN treated in a racist and unfair way? On a scale of 1-6, how stressful was this for you? 1 = Not at all stressful; 6 = Extremely stressful",Observation,AIREADI,Survey,S,,skos:exactMatch,1,,
px_racial_ethnic_discrimination_survey,,pxrdcmpts,,2005200131,2005200131, PhenX Racial/Ethnic Discrimination Survey Completed Timestamp (from REDCap),Observation,AIREADI,Survey,S,,skos:exactMatch,1,,99423-6
px_racial_ethnic_discrimination_survey,,pxrdstartts,,2005200132,2005200132, PhenX Racial/Ethnic Discrimination Survey Started Timestamp (from REDCap),Observation,AIREADI,Survey,S,,skos:exactMatch,1,,99423-6
px_racial_ethnic_discrimination_survey,,px281501_metadata,,2005200133,2005200133, PhenX Racial/Ethnic MetaData,Observation,AIREADI,Survey,S,,skos:exactMatch,1,,
study_enrollment,,visdat,,2005200134,2005200134,Planned date & time of in-person visit,Observation,AIREADI,Observation,S,,skos:exactMatch,1,,185353001
driving_record,,dricmpdat,,2005200135,2005200135,Date driving record assessment conducted,Observation,AIREADI,Observation,S,,skos:exactMatch,1,,90118-1
driving_record,,dri1,,2005200136,2005200136,"In an average week, how many days per week do you normally drive? (number of days)",Observation,AIREADI,Survey,S,,skos:exactMatch,1,,
driving_record,,dri2,,2005200137,2005200137,About how many miles did you personally drive during the past 12 months in all motorized vehicles?,Observation,AIREADI,Survey,S,,skos:exactMatch,1,,
device_distribution,,dvamwstdat,,2005200474,2005200474,Date when physical activity monitor was given to patient,Observation,AIREADI,Observation,S,,skos:exactMatch,1,,LA30233-3
device_distribution,,dvcgmstdat,,2005200475,2005200475,Date sensor inserted,Observation,AIREADI,Observation,S,,skos:exactMatch,1,,LA30233-3
device_distribution,,dvenvstdat,,2005200476,2005200476,Date when continuous glucose monitor was given to participant,Observation,AIREADI,Observation,S,,skos:exactMatch,1,,LA30233-3
meds_assessment,,cmcmpdat,,2005200439,2005200439,Performed date of  medications assessment,Observation,AIREADI,Survey,S,,skos:exactMatch,1,,Performed on value_as_concept_id = 1035260 | LA30233-3
meds_assessment,,cm_asp,,2005200145,2005200145,Have you taken aspirin in the past 2 weeks?,Observation,AIREADI,Survey,S,,skos:exactMatch,1,,
meds_assessment,,cm_act,,2005200146,2005200146,"Have you taken acetaminophen medicines, such as Tylenol, in the past 2 weeks?",Observation,AIREADI,Survey,S,,skos:exactMatch,1,,
meds_assessment,,cm_ibp,,2005200147,2005200147,Have you taken ibuprofen or ibuprofen-containing medicines such as Advil or Motrin in the past 2 weeks?,Observation,AIREADI,Survey,S,,skos:exactMatch,1,,
meds_assessment,,cm_ant,,2005200148,2005200148,"Have you taken antihistamines, such as cold pills or allergy pills, in the past 2 weeks?",Observation,AIREADI,Survey,S,,skos:exactMatch,1,,
meds_assessment,,cm_dcg,,2005200149,2005200149,"Have you taken decongestants, such as cold pills or allergy pills, in the past 2 weeks?",Observation,AIREADI,Survey,S,,skos:exactMatch,1,,
meds_assessment,,cm_slp,,2005200150,2005200150,Have you taken sleeping pills in the past 2 weeks?,Observation,AIREADI,Survey,S,,skos:exactMatch,1,,
current_medications,,cmcmpdat2,,2005200478,2005200478,Date when current medication was collected,Observation,AIREADI,Survey,S,,skos:exactMatch,1,,LA30233-3
current_medications,,cmname,,2005200481,2005200481,Medication Name,Observation,AIREADI,Survey,S,,skos:exactMatch,1,,LA22650-8
current_medications,,cmrouteot,,2005200482,2005200482,"If Other, please specify:",Observation,AIREADI,Survey,S,,skos:exactMatch,1,,LA6310-2
current_medications,,cmtrt,,2005200220,2005200220,RxNorm (assign after visit),Observation,AIREADI,Survey,S,,skos:exactMatch,1,,
physical_assessment,,pacmpdat,,2005200440,2005200440,Performed date of physical assessment,Observation,AIREADI,Procedure,S,,skos:exactMatch,1,,Performed on value_as_concept_id = 1035260 | LA30233-3
physical_assessment,,paate,,2005200151,2005200151,How many hours since you last ate? (number of hours),Observation,AIREADI,Survey,S,,skos:exactMatch,1,,301897001
physical_assessment,,waist_vsorres,,2005200152,2005200152,Waist Circumference (cm),Measurement,AIREADI,Observable Entity,S,,skos:exactMatch,1,,276361009
physical_assessment,,hip_vsorres,,2005200153,2005200153,Hip Circumference (cm),Measurement,AIREADI,Observable Entity,S,,skos:exactMatch,1,,284472007
monofilament,,msscmpdat,,2005200444,2005200444,Performed date of monofilament,Observation,AIREADI,Procedure,S,,skos:exactMatch,1,,Performed on value_as_concept_id = 1035260 | LA30233-3
monofilament,,mssrffl,,2005200159,2005200159,Right Foot - Felt:,Measurement,AIREADI,Measurement,S,,skos:exactMatch,1,right foot | 45882337,value_as_concept_id =45882337
monofilament,,mssrftt,,2005200160,2005200160,Right Foot - Tested:,Procedure,AIREADI,Procedure,S,,skos:exactMatch,1,right foot | 45882337,modifier_concept_id =45882337
monofilament,,msslffl,,2005200161,2005200161,Left Foot - Felt:,Measurement,AIREADI,Measurement,S,,skos:exactMatch,1,left foot | 4300877,value_as_concept_id =  4300877
monofilament,,msslftt,,2005200162,2005200162,Left Foot - Tested:,Procedure,AIREADI,Procedure,S,,skos:exactMatch,1,left foot | 4300877,modifier_concept_id =4300877
moca,,mocacmpdattim,,2005200445,2005200445,Performed date of MoCA,Observation,AIREADI,Procedure,S,,skos:exactMatch,1,1035260,Performed on value_as_concept_id = 1035260 | LA30233-3
procedures,,rtfncmpdattim,,2005200164,2005200164,Date & time Fundus - Edion performed,Observation,AIREADI,Survey,S,,skos:exactMatch,1,,90118-1
procedures,,rtfnocmpdattim,,2005200166,2005200166,Date & time Fundus -  Optomed performed,Observation,AIREADI,Survey,S,,skos:exactMatch,1,,90118-1
procedures,,rthracmpdattim,,2005200168,2005200168,Date & time OCT & OCTA - Spectralis HRA OCT performed,Observation,AIREADI,Survey,S,,skos:exactMatch,1,,90118-1
procedures,,rtoctcmpdattim,,2005200170,2005200170,Date & time OCT - Triton OCT performed,Observation,AIREADI,Survey,S,,skos:exactMatch,1,,90118-1
procedures,,rtm2cmpdattim,,2005200172,2005200172,Date & time OCT & OCTA - Maestro2 performed,Observation,AIREADI,Survey,S,,skos:exactMatch,1,,90118-1
procedures,,rtfliocmpdattim,,2005200174,2005200174,Date & time FLIO performed,Observation,AIREADI,Survey,S,,skos:exactMatch,1,,
procedures,,rtaccmpdattim,,2005200176,2005200176,Date & time Angioplex - Cirrus 5000 performed,Observation,AIREADI,Survey,S,,skos:exactMatch,1,,90118-1
procedures,,rtekgcmpdattim,,2005200178,2005200178,Date & time Cardiology - EKG - Pagewriter TC30 Cardiograp performed,Observation,AIREADI,Survey,S,,skos:exactMatch,1,,90118-1
lab_results,,lbdattim1,,2005200180,2005200180,Date & time clinical labs performed,Observation,AIREADI,Clinical Observation,S,,skos:exactMatch,1,,90118-1
lab_results,,lbscat_wbc,,2005200182,2005200182,White Blood Cells (WBC) - x10E3/µL,Measurement,AIREADI,Procedure,S,,skos:exactMatch,1,,767002
lab_results,,lbscat_rbc,,2005200183,2005200183,Red Blood Cells (RBC) - x10E6/µL,Measurement,AIREADI,Procedure,S,,skos:exactMatch,1,,14089001
lab_results,,lbscat_a1c,,2005200184,2005200184,Hemoglobin - g/dL,Measurement,AIREADI,Lab Test,S,,skos:exactMatch,1,,718-7
device_return,,dvamwenyn,,2005200555,2005200555,Activity monitor returned?,Observation,AIREADI,Survey,S,,skos:exactMatch,1,,42528781 removed in favor of local code
device_return,,dvamwendat,,2005200236,2005200236,Date device received back from participant,Observation,AIREADI,Observation,S,,skos:exactMatch,1,,410671006
device_return,,dcvgmenyn,,2005200556,2005200556,Dexcom G6 transmitter returned?,Observation,AIREADI,Survey,S,,skos:exactMatch,1,,2005200237 removed in favor of local code
device_return,,dvenvenyn,,2005200483,2005200483,Environmental sensor returned?,Observation,AIREADI,Survey,S,,skos:exactMatch,1,,82611-5
disposition,,eos_ds,,2005200192,2005200192,Did the subject complete the study?,Observation,AIREADI,Clinical Finding,S,,skos:exactMatch,1,,443729008
disposition,,eos_dsstdat,,2005200193,2005200193,What was the study discontinuation or completion date?,Observation,AIREADI,Observation,S,,skos:exactMatch,1,,8.71441E+14
driving_record,,dristate,,2005200138,2005200138,Drivers license state,Observation,AIREADI,Location,S,,skos:exactMatch,1,,398070004
driving_record,,odristate,,2005200485,2005200485,Specify other,Observation,AIREADI,Survey,S,,skos:exactMatch,1,,LA6310-2
device_return,dvamwenhand,dvamwenhand,,2005200206,2005200206,Physical Activity Monitor was worn on which wrist?,Observation,AIREADI,Clinical Observation,S,,skos:exactMatch,1,,66226-2
current_medications,,cmdosu,,2005200221,2005200221,"Unit (Record the dose unit of the dose of concomitant medication/treatment/therapy taken (e.g., mg.)).",Observation,AIREADI,Clinical Observation,S,,skos:exactMatch,1,,
substance_use_survey,susmkdosfr,41,susmkdosfr_41,2005200194,2005200194,41-50 (up to 2.5 packs) ,Meas Value,AIREADI,Answer,S,,skos:exactMatch,1,,LA15915-4
substance_use_survey,susmkdosfr,51,susmkdosfr_51,2005200195,2005200195,More than 50 (3 or more packs),Meas Value,AIREADI,Answer,S,,skos:exactMatch,1,,LA15915-4
substance_use_survey,subrdosfr,22,subrdosfr_22,2005200196,2005200196,22 to 28,Meas Value,AIREADI,Answer,S,,skos:exactMatch,1,,LA14679-7
substance_use_survey,subrdosfr,29,subrdosfr_29,2005200197,2005200197,29 to 35,Meas Value,AIREADI,Answer,S,,skos:exactMatch,1,,LA14679-7
substance_use_survey,subrdosfr,36,subrdosfr_36,2005200198,2005200198,36 or more,Meas Value,AIREADI,Answer,S,,skos:exactMatch,1,,LA14679-7
substance_use_survey,suwndosfr,21,suwndosfr_21,2005200199,2005200199,21-25 (5 bottles),Meas Value,AIREADI,Answer,S,,skos:exactMatch,1,,LA14679-7
substance_use_survey,suwndosfr,26,suwndosfr_26,2005200208,2005200208,26-30 (6 bottles),Meas Value,AIREADI,Answer,S,,skos:exactMatch,1,,LA14679-7
substance_use_survey,suwndosfr,31,suwndosfr_31,2005200209,2005200209,31-35 (7 bottles),Meas Value,AIREADI,Answer,S,,skos:exactMatch,1,,LA14679-7
substance_use_survey,suwndosfr,35,suwndosfr_35,2005200210,2005200210,More than 36 (greater than 7 bottles),Meas Value,AIREADI,Answer,S,,skos:exactMatch,1,,LA14679-7
substance_use_survey,suvptoage,98,suvptoage_98,2005200211,2005200211,More than 20 years,Meas Value,AIREADI,Answer,S,,skos:exactMatch,1,,OMOP5181836
substance_use_survey,sumrjceddur,98,sumrjceddur_98,2005200212,2005200212,More than 50 years,Meas Value,AIREADI,Answer,S,,skos:exactMatch,1,,102524005
cesd10_survey,ces1,0,ces1_0,2005200141,2005200141,Rarely or none of the time (< 1 day),Meas Value,AIREADI,Answer,S,,skos:exactMatch,1,,LA15665-5
cesd10_survey,ces1,1,ces1_1,2005200142,2005200142,Some or a little of the time (1-2 days) ,Meas Value,AIREADI,Answer,S,,skos:exactMatch,1,,LA14733-2
cesd10_survey,ces1,2,ces1_2,2005200143,2005200143,Occasionally or a moderate amount of time (3-4 days),Meas Value,AIREADI,Answer,S,,skos:exactMatch,1,,LA6483-7
cesd10_survey,ces1,3,ces1_3,2005200144,2005200144,All of the time (5-7 days),Meas Value,AIREADI,Answer,S,,skos:exactMatch,1,,LA14734-0
paid5_dm_survey,paid_scrd,0,paid_scrd_0,2005200213,2005200213,Not a problem,Meas Value,AIREADI,Answer,S,,skos:exactMatch,1,,LA9619-3
paid5_dm_survey,paid_scrd,1,paid_scrd_1,2005200214,2005200214,Minor problem,Meas Value,AIREADI,Answer,S,,skos:exactMatch,1,,LA9618-5
paid5_dm_survey,paid_scrd,2,paid_scrd_2,2005200215,2005200215,Moderate problem,Meas Value,AIREADI,Answer,S,,skos:exactMatch,1,,LA9618-5
paid5_dm_survey,paid_scrd,3,paid_scrd_3,2005200216,2005200216,Somewhat serious problem,Meas Value,AIREADI,Answer,S,,skos:exactMatch,1,,LA9617-7
paid5_dm_survey,paid_scrd,4,paid_scrd_4,2005200217,2005200217,Serious problem,Meas Value,AIREADI,Answer,S,,skos:exactMatch,1,,LA9617-7
diabetes_survey,dmlvex,10,dmlvex_10,2005200312,2005200312,At least 30 minutes daily 3 or more days a week,Meas Value,AIREADI,Answer,S,,skos:exactMatch,1,,LA14480-0
diabetes_survey,dmlvex,5,dmlvex_5,2005200313,2005200313,Less than 30 minutes daily less than 3 days a week,Meas Value,AIREADI,Answer,S,,skos:exactMatch,1,,27789000
diabetes_survey,dmlact,10,dmlact_10,2005200314,2005200314,"Active (stairs, walks, housework)",Meas Value,AIREADI,Answer,S,,skos:exactMatch,1,,LA16666-2
diabetes_survey,dmlact,5,dmlact_5,2005200315,2005200315,Somewhat active,Meas Value,AIREADI,Answer,S,,skos:exactMatch,1,,LA32776-9
diabetes_survey,dmlact,0,dmlact_0,2005200316,2005200316,"Not Active (TV, computer, phone, use lifts)",Meas Value,AIREADI,Answer,S,,skos:exactMatch,1,,LA32775-1
diabetes_survey,dmlhex,10,dmlhex_10,2005200317,2005200317,Doing daily or almost daily,Meas Value,AIREADI,Answer,S,,skos:exactMatch,1,,LA18934-2
diabetes_survey,dmlhex,5,dmlhex_5,2005200318,2005200318,Irregular; once or twice a week,Meas Value,AIREADI,Answer,S,,skos:exactMatch,1,,LA26457-4
diabetes_survey,dmlsugar,10,dmlsugar_10,2005200319,2005200319,Rarely eat sweets,Meas Value,AIREADI,Answer,S,,skos:exactMatch,1,,LA10066-1
diabetes_survey,dmlsugar,5,dmlsugar_5,2005200320,2005200320,Occasionally eat sweets,Meas Value,AIREADI,Answer,S,,skos:exactMatch,1,,LA6483-7
diabetes_survey,dmlsugar,0,dmlsugar_0,2005200321,2005200321,Frequently eat sweets,Meas Value,AIREADI,Answer,S,,skos:exactMatch,1,,LA6482-9
diabetes_survey,dmlgrain,10,dmlgrain_10,2005200322,2005200322,Usually eat whole grain,Meas Value,AIREADI,Answer,S,,skos:exactMatch,1,,LA14747-2
diabetes_survey,dmlgrain,5,dmlgrain_5,2005200323,2005200323,Rarely eat whole grain,Meas Value,AIREADI,Answer,S,,skos:exactMatch,1,,LA10066-1
diabetes_survey,dmlgrain,0,dmlgrain_0,2005200324,2005200324,Usually eat white bread or white rice,Meas Value,AIREADI,Answer,S,,skos:exactMatch,1,,LA14747-2
diabetes_survey,dmlpor,10,dmlpor_10,2005200325,2005200325,Eat small portions and avoid second servings,Meas Value,AIREADI,Answer,S,,skos:exactMatch,1,,LA14830-6
diabetes_survey,dmlpor,5,dmlpor_5,2005200326,2005200326,Occasionally limit portions,Meas Value,AIREADI,Answer,S,,skos:exactMatch,1,,LA6483-7
diabetes_survey,dmlpor,0,dmlpor_0,2005200327,2005200327,Rarely or none; eat at buffets and restaurants with large portions,Meas Value,AIREADI,Answer,S,,skos:exactMatch,1,,LA10066-1
diabetes_survey,dmlfrveg,10,dmlfrveg_10,2005200328,2005200328,4-5 servings or pieces of fruits and raw vegetables per day,Meas Value,AIREADI,Answer,S,,skos:exactMatch,1,,LA13856-2
diabetes_survey,dmlfrveg,5,dmlfrveg_5,2005200329,2005200329,1-3 servings or pieces per day,Meas Value,AIREADI,Answer,S,,skos:exactMatch,1,,LA25000-3
diabetes_survey,dmledu,10,dmledu_10,2005200330,2005200330,"Regularly; at least monthly (dietician, support groups, books, websites, apps)",Meas Value,AIREADI,Answer,S,,skos:exactMatch,1,,LA18876-5
diabetes_survey,dmledu,5,dmledu_5,2005200331,2005200331,Occasionally; every 2-3 months,Meas Value,AIREADI,Answer,S,,skos:exactMatch,1,,LA6483-7
diabetes_survey,dmlmd,10,dmlmd_10,2005200332,2005200332,3 or more visits a year to the same doctor. Regular with medicines.,Meas Value,AIREADI,Answer,S,,skos:exactMatch,1,,LA19812-9
diabetes_survey,dmlmd,5,dmlmd_5,2005200333,2005200333,1-2 visits a year. Forgetting medicines frequently.,Meas Value,AIREADI,Answer,S,,skos:exactMatch,1,,LA23695-2
diabetes_survey,dmlmd,0,dmlmd_0,2005200334,2005200334,Rarely or none. Not taking 1 or more recommended medicines ,Meas Value,AIREADI,Answer,S,,skos:exactMatch,1,,LA15665-5
dietary_survey,diet1,0,diet1_0,2005200238,2005200238,Less than 1 time,Meas Value,AIREADI,Answer,S,,skos:exactMatch,1,,LA13829-9
dietary_survey,diet1,1,diet1_1,2005200239,2005200239,1 - 3 times,Meas Value,AIREADI,Answer,S,,skos:exactMatch,1,,LA23695-2
dietary_survey,diet2,0,diet2_0,2005200240,2005200240,5 or more,Meas Value,AIREADI,Answer,S,,skos:exactMatch,1,,LA26057-2
dietary_survey,diet2,2,diet2_2,2005200241,2005200241,2 or less,Meas Value,AIREADI,Answer,S,,skos:exactMatch,1,,LA14352-1
dietary_survey,diet4,0,diet4_0,2005200242,2005200242,Less than 1,Meas Value,AIREADI,Answer,S,,skos:exactMatch,1,,LA13829-9
dietary_survey,diet6,0,diet6_0,2005200243,2005200243,1 time or less,Meas Value,AIREADI,Answer,S,,skos:exactMatch,1,,LA13829-9
ophthalmic_survey,via4,3,via4_3,2005200244,2005200244,Within the past 2 years (1 year but less than 2 years ago),Meas Value,AIREADI,Answer,S,,skos:exactMatch,1,,LA15790-1
ophthalmic_survey,via5,1,via5_1,2005200245,2005200245,Cost/Insurance,Meas Value,AIREADI,Answer,S,,skos:exactMatch,1,,LA21462-9
ophthalmic_survey,via5,2,via5_2,2005200246,2005200246,Do not have/know an eye doctor,Meas Value,AIREADI,Answer,S,,skos:exactMatch,1,,LA14426-3
ophthalmic_survey,via5,3,via5_3,2005200247,2005200247,"Cannot get to the office/clinic (too far away, no transportation)",Meas Value,AIREADI,Answer,S,,skos:exactMatch,1,,LA28319-4
ophthalmic_survey,via5,4,via5_4,2005200248,2005200248,Could not get an appointment,Meas Value,AIREADI,Answer,S,,skos:exactMatch,1,,98867-5
ophthalmic_survey,via5,5,via5_5,2005200249,2005200249,No reason to go (no problem),Meas Value,AIREADI,Answer,S,,skos:exactMatch,1,,LA9619-3
ophthalmic_survey,via5,6,via5_6,2005200250,2005200250,Have not thought of it,Meas Value,AIREADI,Answer,S,,skos:exactMatch,1,,LA9619-3
px_sdoh_combined_survey,pxji1,5,pxji1_5,2005200251,2005200251,Will be leaving labor force voluntarily,Meas Value,AIREADI,Answer,S,,skos:exactMatch,1,,LA17956-6
px_sdoh_combined_survey,pxhic1,1,pxhic1_1,2005200252,2005200252,Covered,Meas Value,AIREADI,Answer,S,,skos:exactMatch,1,,LA21462-9
px_sdoh_combined_survey,pxhic8,0,pxhic8_0,2005200253,2005200253,I do NOT have health insurance,Meas Value,AIREADI,Answer,S,,skos:exactMatch,1,,LA10041-4
px_sdoh_combined_survey,pxhic8,1,pxhic8_1,2005200254,2005200254,I HAVE some kind of health insurance,Meas Value,AIREADI,Answer,S,,skos:exactMatch,1,,LA21462-9
px_sdoh_combined_survey,pxahc1,5,pxahc1_5,2005200255,2005200255,Within the last 10 years (5 years but less than 10 years ago),Meas Value,AIREADI,Answer,S,,skos:exactMatch,1,,LA14769-6
px_sdoh_combined_survey,pxahc4,0,pxahc4_0,2005200256,2005200256,There is NO place,Meas Value,AIREADI,Answer,S,,skos:exactMatch,1,,394777002
px_sdoh_combined_survey,pxahc4,2,pxahc4_2,2005200257,2005200257,There is MORE THAN ONE place,Meas Value,AIREADI,Answer,S,,skos:exactMatch,1,,394777002
px_sdoh_combined_survey,pxahc5,1,pxahc5_1,2005200258,2005200258,A doctor's office or health center,Meas Value,AIREADI,Answer,S,,skos:exactMatch,1,,LA26177-8
px_sdoh_combined_survey,pxahc5,2,pxahc5_2,2005200259,2005200259,"Walk-in clinic, urgent care center, or retail clinic in a pharmacy or grocery store",Meas Value,AIREADI,Answer,S,,skos:exactMatch,1,,LA24179-6
px_sdoh_combined_survey,pxahc5,4,pxahc5_4,2005200260,2005200260,A VA Medical Center or VA outpatient clinic,Meas Value,AIREADI,Answer,S,,skos:exactMatch,1,,LA26180-2
px_sdoh_combined_survey,pxahc5,6,pxahc5_6,2005200261,2005200261,Does not go to one place most often,Meas Value,AIREADI,Answer,S,,skos:exactMatch,1,,394777002
px_sdoh_combined_survey,pxahc6,1,pxahc6_1,2005200262,2005200262,1 - 10 times,Meas Value,AIREADI,Answer,S,,skos:exactMatch,1,,LA14422-2
px_sdoh_combined_survey,pxahc6,2,pxahc6_2,2005200263,2005200263,11 - 19 times,Meas Value,AIREADI,Answer,S,,skos:exactMatch,1,,LA23703-4
px_sdoh_combined_survey,pxahc6,3,pxahc6_3,2005200264,2005200264,20 - 29 times,Meas Value,AIREADI,Answer,S,,skos:exactMatch,1,,LA23703-4
px_sdoh_combined_survey,pxahc6,4,pxahc6_4,2005200265,2005200265,30 - 39 times,Meas Value,AIREADI,Answer,S,,skos:exactMatch,1,,LA23703-4
px_sdoh_combined_survey,pxahc6,5,pxahc6_5,2005200266,2005200266,40 - 49 times,Meas Value,AIREADI,Answer,S,,skos:exactMatch,1,,LA23703-4
px_sdoh_combined_survey,pxahc6,6,pxahc6_6,2005200267,2005200267,50 or more times,Meas Value,AIREADI,Answer,S,,skos:exactMatch,1,,LA15343-9
px_neighborhood_environment_survey,pxne4,88,pxne4_88,2005200268,2005200268,Does not apply to my neighborhood,Meas Value,AIREADI,Answer,S,,skos:exactMatch,1,,LA14452-9
px_neighborhood_environment_survey,pxne8,88,pxne8_88,2005200269,2005200269,There are no streets or roads in my neighborhood,Meas Value,AIREADI,Answer,S,,skos:exactMatch,1,,129685008
px_neighborhood_environment_survey,pxne11,6,pxne11_6,2005200270,2005200270,6 or more,Meas Value,AIREADI,Answer,S,,skos:exactMatch,1,,LA14674-8
driving_record,dri2,1,dri2_1,2005200271,2005200271,5000 miles or less,Meas Value,AIREADI,Answer,S,,skos:exactMatch,1,,310859004
driving_record,dri2,2,dri2_2,2005200272,2005200272,"5001 to 10,000 miles",Meas Value,AIREADI,Answer,S,,skos:exactMatch,1,,310859004
driving_record,dri2,3,dri2_3,2005200273,2005200273,"10,001 to 15.000 miles",Meas Value,AIREADI,Answer,S,,skos:exactMatch,1,,310859004
driving_record,dri2,4,dri2_4,2005200274,2005200274,"15,001 to 20,000 miles",Meas Value,AIREADI,Answer,S,,skos:exactMatch,1,,310859004
driving_record,dri2,5,dri2_5,2005200275,2005200275,"More than 20,000 miles",Meas Value,AIREADI,Answer,S,,skos:exactMatch,1,,310859004
current_medications,cmdosu,13,cmdosu_13,2005200222,2005200222,Puff,Device,AIREADI,Physical Object,S,,skos:exactMatch,1,,463710006
disposition,eos_dsdecod,1,eos_dsdecod_1,2005200280,2005200280,Did not meet Inclusion/Exclusion criteria,Meas Value,AIREADI,Answer,S,,skos:exactMatch,1,,LA24349-5
disposition,eos_dsdecod,3,eos_dsdecod_3,2005200281,2005200281,Withdrawal by Subject,Meas Value,AIREADI,Answer,S,,skos:exactMatch,1,,LA30915-5
disposition,eos_dsdecod,4,eos_dsdecod_4,2005200282,2005200282,Geographic Inaccessibility,Observation,AIREADI,Context-dependent,S,,skos:exactMatch,1,,183928007
disposition,eos_dsdecod,6,eos_dsdecod_6,2005200283,2005200283,Currently enrolled in a conflicting study,Observation,AIREADI,Clinical Finding,S,,skos:exactMatch,1,,309032007
disposition,eos_dsdecod,9,eos_dsdecod_9,2005200284,2005200284,Protocol Deviation,Observation,AIREADI,Clinical Finding,S,,skos:exactMatch,1,,309032007
disposition,eos_dsdecodie,1,eos_dsdecodie_1,2005200285,2005200285,Individual was under age 40,Meas Value,AIREADI,Answer,S,,skos:exactMatch,1,,LA31987-3
disposition,eos_dsdecodie,3,eos_dsdecodie_3,2005200286,2005200286,Individual is not needed at this time for recruitment goals,Observation,AIREADI,Clinical Finding,S,,skos:exactMatch,1,,444734003
disposition,eos_dsdecodie,4,eos_dsdecodie_4,2005200287,2005200287,Individual had Type 1 Diabetes,Meas Value,AIREADI,Answer,S,,skos:exactMatch,1,,LA10551-2
disposition,eos_dsvst,2,eos_dsvst_2,2005200288,2005200288,In Person (Baseline),Observation,AIREADI,Procedure,S,,skos:exactMatch,1,,4.53701E+14